image,ground_truth_count,prediction_count,true_positives,false_positives,false_negatives,best_iou,best_confidence,result
bottle_003_49.png,0,0,0,0,0,0.0,0.0,CORRECT_BACKGROUND
bottle_004_375.png,0,0,0,0,0,0.0,0.0,CORRECT_BACKGROUND
bottle_006_324.png,1,1,1,0,0,0.9083,0.8428,DETECTED
bottle_008_517.png,1,1,1,0,0,0.8459,0.7731,DETECTED
bottle_009_524.png,1,1,1,0,0,0.5056,0.759,DETECTED
bottle_011_445.png,1,1,1,0,0,0.8797,0.8316,DETECTED
bottle_013_76.png,0,0,0,0,0,0.0,0.0,CORRECT_BACKGROUND
bottle_015_523.png,1,1,1,0,0,0.8806,0.6524,DETECTED
bottle_017_265.png,0,0,0,0,0,0.0,0.0,CORRECT_BACKGROUND
bottle_017_97.png,1,1,1,0,0,0.8304,0.7916,DETECTED
bottle_026_391.png,0,0,0,0,0,0.0,0.0,CORRECT_BACKGROUND
bottle_029_164.png,0,0,0,0,0,0.0,0.0,CORRECT_BACKGROUND
bottle_045_11.png,0,0,0,0,0,0.0,0.0,CORRECT_BACKGROUND
bottle_053_507.png,0,0,0,0,0,0.0,0.0,CORRECT_BACKGROUND
bottle_058_329.png,0,0,0,0,0,0.0,0.0,CORRECT_BACKGROUND
bottle_064_189.png,0,0,0,0,0,0.0,0.0,CORRECT_BACKGROUND
bottle_076_209.png,0,0,0,0,0,0.0,0.0,CORRECT_BACKGROUND
bottle_079_155.png,0,0,0,0,0,0.0,0.0,CORRECT_BACKGROUND
bottle_094_401.png,0,0,0,0,0,0.0,0.0,CORRECT_BACKGROUND
bottle_120_277.png,0,0,0,0,0,0.0,0.0,CORRECT_BACKGROUND
bottle_159_371.png,0,0,0,0,0,0.0,0.0,CORRECT_BACKGROUND
bottle_172_335.png,0,0,0,0,0,0.0,0.0,CORRECT_BACKGROUND
bottle_193_109.png,0,0,0,0,0,0.0,0.0,CORRECT_BACKGROUND
bottle_200_25.png,0,0,0,0,0,0.0,0.0,CORRECT_BACKGROUND
bottle_203_127.png,0,0,0,0,0,0.0,0.0,CORRECT_BACKGROUND
bottle_204_534.png,0,0,0,0,0,0.0,0.0,CORRECT_BACKGROUND
cable_000_239.png,1,1,1,0,0,0.8284,0.6816,DETECTED
cable_000_325.png,1,2,1,1,0,0.878,0.4867,DETECTED
cable_000_360.png,1,2,1,1,0,0.5242,0.4338,DETECTED
cable_001_441.png,2,3,2,1,0,0.8897,0.7664,DETECTED
cable_002_104.png,1,1,1,0,0,0.9189,0.7567,DETECTED
cable_003_150.png,0,0,0,0,0,0.0,0.0,CORRECT_BACKGROUND
cable_003_478.png,1,1,1,0,0,0.7983,0.8119,DETECTED
cable_004_235.png,1,2,1,1,0,0.7843,0.7383,DETECTED
cable_004_322.png,0,0,0,0,0,0.0,0.0,CORRECT_BACKGROUND
cable_004_409.png,1,1,1,0,0,0.9298,0.8701,DETECTED
cable_005_328.png,0,0,0,0,0,0.0,0.0,CORRECT_BACKGROUND
cable_007_474.png,1,1,1,0,0,0.9738,0.8242,DETECTED
cable_007_70.png,4,1,1,0,3,0.561,0.3479,DETECTED
cable_008_337.png,1,1,1,0,0,0.9234,0.6752,DETECTED
cable_008_461.png,0,0,0,0,0,0.0,0.0,CORRECT_BACKGROUND
cable_009_237.png,2,2,2,0,0,0.933,0.7305,DETECTED
cable_011_198.png,1,2,1,1,0,0.8032,0.6382,DETECTED
cable_011_486.png,1,1,1,0,0,0.8827,0.6949,DETECTED
cable_018_210.png,0,0,0,0,0,0.0,0.0,CORRECT_BACKGROUND
cable_020_21.png,0,0,0,0,0,0.0,0.0,CORRECT_BACKGROUND
cable_021_91.png,0,0,0,0,0,0.0,0.0,CORRECT_BACKGROUND
cable_024_205.png,0,0,0,0,0,0.0,0.0,CORRECT_BACKGROUND
cable_025_118.png,0,0,0,0,0,0.0,0.0,CORRECT_BACKGROUND
cable_033_227.png,0,0,0,0,0,0.0,0.0,CORRECT_BACKGROUND
cable_034_140.png,0,0,0,0,0,0.0,0.0,CORRECT_BACKGROUND
cable_040_153.png,0,0,0,0,0,0.0,0.0,CORRECT_BACKGROUND
cable_041_283.png,0,0,0,0,0,0.0,0.0,CORRECT_BACKGROUND
cable_050_143.png,0,0,0,0,0,0.0,0.0,CORRECT_BACKGROUND
cable_063_491.png,0,0,0,0,0,0.0,0.0,CORRECT_BACKGROUND
cable_069_165.png,0,0,0,0,0,0.0,0.0,CORRECT_BACKGROUND
cable_071_78.png,0,0,0,0,0,0.0,0.0,CORRECT_BACKGROUND
cable_083_477.png,0,0,0,0,0,0.0,0.0,CORRECT_BACKGROUND
cable_086_24.png,0,0,0,0,0,0.0,0.0,CORRECT_BACKGROUND
cable_093_416.png,0,0,0,0,0,0.0,0.0,CORRECT_BACKGROUND
cable_118_247.png,0,0,0,0,0,0.0,0.0,CORRECT_BACKGROUND
cable_119_4.png,0,0,0,0,0,0.0,0.0,CORRECT_BACKGROUND
cable_122_279.png,0,0,0,0,0,0.0,0.0,CORRECT_BACKGROUND
cable_124_169.png,0,0,0,0,0,0.0,0.0,CORRECT_BACKGROUND
cable_151_300.png,0,0,0,0,0,0.0,0.0,CORRECT_BACKGROUND
cable_166_447.png,0,0,0,0,0,0.0,0.0,CORRECT_BACKGROUND
cable_173_241.png,0,0,0,0,0,0.0,0.0,CORRECT_BACKGROUND
cable_176_248.png,0,0,0,0,0,0.0,0.0,CORRECT_BACKGROUND
cable_182_366.png,0,0,0,0,0,0.0,0.0,CORRECT_BACKGROUND
cable_187_253.png,0,0,0,0,0,0.0,0.0,CORRECT_BACKGROUND
cable_188_268.png,0,0,0,0,0,0.0,0.0,CORRECT_BACKGROUND
cable_190_327.png,0,0,0,0,0,0.0,0.0,CORRECT_BACKGROUND
cable_204_298.png,0,0,0,0,0,0.0,0.0,CORRECT_BACKGROUND
cable_207_250.png,0,0,0,0,0,0.0,0.0,CORRECT_BACKGROUND
capsule_000_120.png,1,0,0,0,1,0.0,0.0,FALSE_NEGATIVE
capsule_003_90.png,1,1,1,0,0,0.7881,0.7747,DETECTED
capsule_004_535.png,1,0,0,0,1,0.0,0.0,FALSE_NEGATIVE
capsule_005_226.png,0,0,0,0,0,0.0,0.0,CORRECT_BACKGROUND
capsule_005_396.png,1,0,0,0,1,0.0,0.0,FALSE_NEGATIVE
capsule_008_232.png,1,1,1,0,0,0.8072,0.7369,DETECTED
capsule_008_370.png,1,1,1,0,0,0.8506,0.8827,DETECTED
capsule_008_400.png,0,0,0,0,0,0.0,0.0,CORRECT_BACKGROUND
capsule_010_295.png,1,1,1,0,0,0.6278,0.3439,DETECTED
capsule_013_415.png,1,0,0,0,1,0.0,0.0,FALSE_NEGATIVE
capsule_014_96.png,0,0,0,0,0,0.0,0.0,CORRECT_BACKGROUND
capsule_015_183.png,0,0,0,0,0,0.0,0.0,CORRECT_BACKGROUND
capsule_017_340.png,1,0,0,0,1,0.0,0.0,FALSE_NEGATIVE
capsule_017_83.png,0,0,0,0,0,0.0,0.0,CORRECT_BACKGROUND
capsule_020_1.png,1,1,1,0,0,0.8934,0.8587,DETECTED
capsule_028_35.png,0,0,0,0,0,0.0,0.0,CORRECT_BACKGROUND
capsule_035_362.png,0,0,0,0,0,0.0,0.0,CORRECT_BACKGROUND
capsule_046_527.png,0,0,0,0,0,0.0,0.0,CORRECT_BACKGROUND
capsule_078_417.png,0,0,0,0,0,0.0,0.0,CORRECT_BACKGROUND
capsule_090_168.png,0,0,0,0,0,0.0,0.0,CORRECT_BACKGROUND
capsule_093_498.png,0,0,0,0,0,0.0,0.0,CORRECT_BACKGROUND
capsule_098_276.png,0,0,0,0,0,0.0,0.0,CORRECT_BACKGROUND
capsule_099_31.png,0,0,0,0,0,0.0,0.0,CORRECT_BACKGROUND
capsule_101_522.png,0,0,0,0,0,0.0,0.0,CORRECT_BACKGROUND
capsule_106_307.png,0,0,0,0,0,0.0,0.0,CORRECT_BACKGROUND
capsule_126_496.png,0,0,0,0,0,0.0,0.0,CORRECT_BACKGROUND
capsule_128_306.png,0,0,0,0,0,0.0,0.0,CORRECT_BACKGROUND
capsule_136_280.png,0,0,0,0,0,0.0,0.0,CORRECT_BACKGROUND
capsule_140_299.png,0,0,0,0,0,0.0,0.0,CORRECT_BACKGROUND
capsule_153_206.png,0,0,0,0,0,0.0,0.0,CORRECT_BACKGROUND
capsule_161_472.png,0,0,0,0,0,0.0,0.0,CORRECT_BACKGROUND
capsule_171_499.png,0,0,0,0,0,0.0,0.0,CORRECT_BACKGROUND
capsule_173_529.png,0,0,0,0,0,0.0,0.0,CORRECT_BACKGROUND
capsule_176_136.png,0,0,0,0,0,0.0,0.0,CORRECT_BACKGROUND
capsule_182_186.png,0,0,0,0,0,0.0,0.0,CORRECT_BACKGROUND
capsule_205_386.png,0,0,0,0,0,0.0,0.0,CORRECT_BACKGROUND
capsule_207_10.png,0,0,0,0,0,0.0,0.0,CORRECT_BACKGROUND
capsule_210_182.png,0,0,0,0,0,0.0,0.0,CORRECT_BACKGROUND
carpet_001_274.png,1,2,1,1,0,0.8427,0.3937,DETECTED
carpet_003_67.png,0,0,0,0,0,0.0,0.0,CORRECT_BACKGROUND
carpet_005_455.png,0,0,0,0,0,0.0,0.0,CORRECT_BACKGROUND
carpet_005_488.png,0,0,0,0,0,0.0,0.0,CORRECT_BACKGROUND
carpet_006_458.png,1,9,0,9,1,0.403,0.5527,FALSE_NEGATIVE
carpet_007_121.png,1,1,1,0,0,0.9012,0.7968,DETECTED
carpet_007_378.png,1,1,1,0,0,0.7232,0.8352,DETECTED
carpet_010_506.png,1,1,1,0,0,0.8503,0.8641,DETECTED
carpet_012_36.png,1,1,1,0,0,0.7308,0.8304,DETECTED
carpet_013_358.png,0,0,0,0,0,0.0,0.0,CORRECT_BACKGROUND
carpet_013_412.png,1,0,0,0,1,0.0,0.0,FALSE_NEGATIVE
carpet_015_130.png,1,1,1,0,0,0.8014,0.805,DETECTED
carpet_015_267.png,0,0,0,0,0,0.0,0.0,CORRECT_BACKGROUND
carpet_016_466.png,1,1,1,0,0,0.8645,0.8147,DETECTED
carpet_019_354.png,0,0,0,0,0,0.0,0.0,CORRECT_BACKGROUND
carpet_025_58.png,0,0,0,0,0,0.0,0.0,CORRECT_BACKGROUND
carpet_027_144.png,0,0,0,0,0,0.0,0.0,CORRECT_BACKGROUND
carpet_034_357.png,0,0,0,0,0,0.0,0.0,CORRECT_BACKGROUND
carpet_054_162.png,0,0,0,0,0,0.0,0.0,CORRECT_BACKGROUND
carpet_055_214.png,0,0,0,0,0,0.0,0.0,CORRECT_BACKGROUND
carpet_066_315.png,0,0,0,0,0,0.0,0.0,CORRECT_BACKGROUND
carpet_068_200.png,0,0,0,0,0,0.0,0.0,CORRECT_BACKGROUND
carpet_083_185.png,0,0,0,0,0,0.0,0.0,CORRECT_BACKGROUND
carpet_116_420.png,0,0,0,0,0,0.0,0.0,CORRECT_BACKGROUND
carpet_126_530.png,0,0,0,0,0,0.0,0.0,CORRECT_BACKGROUND
carpet_131_289.png,0,0,0,0,0,0.0,0.0,CORRECT_BACKGROUND
carpet_153_433.png,0,0,0,0,0,0.0,0.0,CORRECT_BACKGROUND
carpet_190_26.png,0,0,0,0,0,0.0,0.0,CORRECT_BACKGROUND
carpet_191_12.png,0,0,0,0,0,0.0,0.0,CORRECT_BACKGROUND
carpet_196_146.png,0,0,0,0,0,0.0,0.0,CORRECT_BACKGROUND
carpet_204_152.png,0,0,0,0,0,0.0,0.0,CORRECT_BACKGROUND
carpet_235_414.png,0,0,0,0,0,0.0,0.0,CORRECT_BACKGROUND
carpet_249_132.png,0,0,0,0,0,0.0,0.0,CORRECT_BACKGROUND
carpet_251_257.png,0,0,0,0,0,0.0,0.0,CORRECT_BACKGROUND
carpet_256_502.png,0,0,0,0,0,0.0,0.0,CORRECT_BACKGROUND
carpet_272_242.png,0,0,0,0,0,0.0,0.0,CORRECT_BACKGROUND
carpet_275_194.png,0,0,0,0,0,0.0,0.0,CORRECT_BACKGROUND
carpet_278_393.png,0,0,0,0,0,0.0,0.0,CORRECT_BACKGROUND
grid_001_203.png,1,2,1,1,0,0.8992,0.7189,DETECTED
grid_001_349.png,1,1,1,0,0,0.8899,0.8308,DETECTED
grid_003_463.png,0,0,0,0,0,0.0,0.0,CORRECT_BACKGROUND
grid_005_39.png,6,7,6,1,0,0.894,0.8255,DETECTED
grid_006_270.png,8,9,7,2,1,0.9365,0.9304,DETECTED
grid_007_138.png,0,0,0,0,0,0.0,0.0,CORRECT_BACKGROUND
grid_007_437.png,4,1,1,0,3,0.9072,0.7194,DETECTED
grid_008_46.png,0,0,0,0,0,0.0,0.0,CORRECT_BACKGROUND
grid_010_317.png,7,11,6,5,1,0.9348,0.9267,DETECTED
grid_011_54.png,0,0,0,0,0,0.0,0.0,CORRECT_BACKGROUND
grid_012_176.png,0,0,0,0,0,0.0,0.0,CORRECT_BACKGROUND
grid_015_440.png,0,0,0,0,0,0.0,0.0,CORRECT_BACKGROUND
grid_026_7.png,0,0,0,0,0,0.0,0.0,CORRECT_BACKGROUND
grid_036_129.png,0,0,0,0,0,0.0,0.0,CORRECT_BACKGROUND
grid_048_94.png,0,0,0,0,0,0.0,0.0,CORRECT_BACKGROUND
grid_049_388.png,0,0,0,0,0,0.0,0.0,CORRECT_BACKGROUND
grid_055_126.png,0,0,0,0,0,0.0,0.0,CORRECT_BACKGROUND
grid_089_287.png,0,0,0,0,0,0.0,0.0,CORRECT_BACKGROUND
grid_108_238.png,0,0,0,0,0,0.0,0.0,CORRECT_BACKGROUND
grid_141_256.png,0,0,0,0,0,0.0,0.0,CORRECT_BACKGROUND
grid_143_80.png,0,0,0,0,0,0.0,0.0,CORRECT_BACKGROUND
grid_144_292.png,0,0,0,0,0,0.0,0.0,CORRECT_BACKGROUND
grid_145_308.png,0,0,0,0,0,0.0,0.0,CORRECT_BACKGROUND
grid_155_293.png,0,0,0,0,0,0.0,0.0,CORRECT_BACKGROUND
grid_157_57.png,0,0,0,0,0,0.0,0.0,CORRECT_BACKGROUND
grid_161_479.png,0,0,0,0,0,0.0,0.0,CORRECT_BACKGROUND
grid_168_108.png,0,0,0,0,0,0.0,0.0,CORRECT_BACKGROUND
grid_178_17.png,0,0,0,0,0,0.0,0.0,CORRECT_BACKGROUND
grid_200_73.png,0,0,0,0,0,0.0,0.0,CORRECT_BACKGROUND
grid_214_515.png,0,0,0,0,0,0.0,0.0,CORRECT_BACKGROUND
grid_215_381.png,0,0,0,0,0,0.0,0.0,CORRECT_BACKGROUND
grid_217_27.png,0,0,0,0,0,0.0,0.0,CORRECT_BACKGROUND
grid_220_115.png,0,0,0,0,0,0.0,0.0,CORRECT_BACKGROUND
grid_233_347.png,0,0,0,0,0,0.0,0.0,CORRECT_BACKGROUND
grid_253_174.png,0,0,0,0,0,0.0,0.0,CORRECT_BACKGROUND
grid_259_219.png,0,0,0,0,0,0.0,0.0,CORRECT_BACKGROUND
hazelnut_001_492.png,2,3,2,1,0,0.9172,0.8196,DETECTED
hazelnut_003_398.png,0,0,0,0,0,0.0,0.0,CORRECT_BACKGROUND
hazelnut_004_432.png,2,1,1,0,1,0.781,0.8382,DETECTED
hazelnut_005_427.png,1,1,1,0,0,0.7016,0.5555,DETECTED
hazelnut_005_462.png,0,0,0,0,0,0.0,0.0,CORRECT_BACKGROUND
hazelnut_006_353.png,2,1,1,0,1,0.9263,0.8582,DETECTED
hazelnut_007_263.png,1,1,1,0,0,0.5415,0.8414,DETECTED
hazelnut_007_501.png,0,0,0,0,0,0.0,0.0,CORRECT_BACKGROUND
hazelnut_009_179.png,1,1,1,0,0,0.9374,0.7314,DETECTED
hazelnut_009_92.png,1,1,1,0,0,0.9515,0.8424,DETECTED
hazelnut_010_216.png,1,1,1,0,0,0.8135,0.7804,DETECTED
hazelnut_010_390.png,1,1,1,0,0,0.9274,0.4529,DETECTED
hazelnut_011_442.png,0,0,0,0,0,0.0,0.0,CORRECT_BACKGROUND
hazelnut_013_533.png,1,1,1,0,0,0.9072,0.8422,DETECTED
hazelnut_015_173.png,2,2,0,2,2,0.3089,0.614,FALSE_NEGATIVE
hazelnut_027_254.png,0,0,0,0,0,0.0,0.0,CORRECT_BACKGROUND
hazelnut_029_452.png,0,0,0,0,0,0.0,0.0,CORRECT_BACKGROUND
hazelnut_035_521.png,0,0,0,0,0,0.0,0.0,CORRECT_BACKGROUND
hazelnut_036_8.png,0,0,0,0,0,0.0,0.0,CORRECT_BACKGROUND
hazelnut_040_421.png,0,0,0,0,0,0.0,0.0,CORRECT_BACKGROUND
hazelnut_043_449.png,0,0,0,0,0,0.0,0.0,CORRECT_BACKGROUND
hazelnut_048_330.png,0,0,0,0,0,0.0,0.0,CORRECT_BACKGROUND
hazelnut_049_511.png,0,0,0,0,0,0.0,0.0,CORRECT_BACKGROUND
hazelnut_066_116.png,0,0,0,0,0,0.0,0.0,CORRECT_BACKGROUND
hazelnut_070_110.png,0,0,0,0,0,0.0,0.0,CORRECT_BACKGROUND
hazelnut_072_531.png,0,0,0,0,0,0.0,0.0,CORRECT_BACKGROUND
hazelnut_084_338.png,0,0,0,0,0,0.0,0.0,CORRECT_BACKGROUND
hazelnut_108_111.png,0,0,0,0,0,0.0,0.0,CORRECT_BACKGROUND
hazelnut_110_476.png,0,0,0,0,0,0.0,0.0,CORRECT_BACKGROUND
hazelnut_119_326.png,0,0,0,0,0,0.0,0.0,CORRECT_BACKGROUND
hazelnut_120_446.png,0,0,0,0,0,0.0,0.0,CORRECT_BACKGROUND
hazelnut_129_332.png,0,0,0,0,0,0.0,0.0,CORRECT_BACKGROUND
hazelnut_149_520.png,0,0,0,0,0,0.0,0.0,CORRECT_BACKGROUND
hazelnut_151_473.png,0,0,0,0,0,0.0,0.0,CORRECT_BACKGROUND
hazelnut_168_30.png,0,0,0,0,0,0.0,0.0,CORRECT_BACKGROUND
hazelnut_170_234.png,0,0,0,0,0,0.0,0.0,CORRECT_BACKGROUND
hazelnut_180_275.png,0,0,0,0,0,0.0,0.0,CORRECT_BACKGROUND
hazelnut_183_131.png,0,0,0,0,0,0.0,0.0,CORRECT_BACKGROUND
hazelnut_193_320.png,0,0,0,0,0,0.0,0.0,CORRECT_BACKGROUND
hazelnut_199_217.png,0,0,0,0,0,0.0,0.0,CORRECT_BACKGROUND
hazelnut_205_367.png,0,0,0,0,0,0.0,0.0,CORRECT_BACKGROUND
hazelnut_217_365.png,0,0,0,0,0,0.0,0.0,CORRECT_BACKGROUND
hazelnut_234_311.png,0,0,0,0,0,0.0,0.0,CORRECT_BACKGROUND
hazelnut_242_13.png,0,0,0,0,0,0.0,0.0,CORRECT_BACKGROUND
hazelnut_245_197.png,0,0,0,0,0,0.0,0.0,CORRECT_BACKGROUND
hazelnut_249_456.png,0,0,0,0,0,0.0,0.0,CORRECT_BACKGROUND
hazelnut_250_532.png,0,0,0,0,0,0.0,0.0,CORRECT_BACKGROUND
hazelnut_260_230.png,0,0,0,0,0,0.0,0.0,CORRECT_BACKGROUND
hazelnut_264_430.png,0,0,0,0,0,0.0,0.0,CORRECT_BACKGROUND
hazelnut_274_339.png,0,0,0,0,0,0.0,0.0,CORRECT_BACKGROUND
hazelnut_276_123.png,0,0,0,0,0,0.0,0.0,CORRECT_BACKGROUND
hazelnut_280_294.png,0,0,0,0,0,0.0,0.0,CORRECT_BACKGROUND
hazelnut_285_2.png,0,0,0,0,0,0.0,0.0,CORRECT_BACKGROUND
hazelnut_288_137.png,0,0,0,0,0,0.0,0.0,CORRECT_BACKGROUND
hazelnut_290_284.png,0,0,0,0,0,0.0,0.0,CORRECT_BACKGROUND
hazelnut_301_170.png,0,0,0,0,0,0.0,0.0,CORRECT_BACKGROUND
hazelnut_303_403.png,0,0,0,0,0,0.0,0.0,CORRECT_BACKGROUND
hazelnut_330_79.png,0,0,0,0,0,0.0,0.0,CORRECT_BACKGROUND
hazelnut_380_220.png,0,0,0,0,0,0.0,0.0,CORRECT_BACKGROUND
hazelnut_383_95.png,0,0,0,0,0,0.0,0.0,CORRECT_BACKGROUND
hazelnut_389_161.png,0,0,0,0,0,0.0,0.0,CORRECT_BACKGROUND
leather_001_438.png,0,0,0,0,0,0.0,0.0,CORRECT_BACKGROUND
leather_002_29.png,1,1,0,1,1,0.3539,0.7649,FALSE_NEGATIVE
leather_004_142.png,2,3,2,1,0,0.696,0.8195,DETECTED
leather_008_444.png,0,0,0,0,0,0.0,0.0,CORRECT_BACKGROUND
leather_009_166.png,0,0,0,0,0,0.0,0.0,CORRECT_BACKGROUND
leather_012_249.png,1,1,1,0,0,0.92,0.7687,DETECTED
leather_012_64.png,1,1,1,0,0,0.9059,0.5154,DETECTED
leather_013_346.png,1,0,0,0,1,0.0,0.0,FALSE_NEGATIVE
leather_014_211.png,0,0,0,0,0,0.0,0.0,CORRECT_BACKGROUND
leather_014_68.png,1,1,1,0,0,0.8715,0.858,DETECTED
leather_015_221.png,0,0,0,0,0,0.0,0.0,CORRECT_BACKGROUND
leather_016_218.png,1,1,1,0,0,0.8293,0.82,DETECTED
leather_017_368.png,1,1,1,0,0,0.765,0.5926,DETECTED
leather_019_503.png,0,0,0,0,0,0.0,0.0,CORRECT_BACKGROUND
leather_020_470.png,0,0,0,0,0,0.0,0.0,CORRECT_BACKGROUND
leather_021_508.png,0,0,0,0,0,0.0,0.0,CORRECT_BACKGROUND
leather_024_319.png,0,0,0,0,0,0.0,0.0,CORRECT_BACKGROUND
leather_025_105.png,0,0,0,0,0,0.0,0.0,CORRECT_BACKGROUND
leather_029_103.png,0,0,0,0,0,0.0,0.0,CORRECT_BACKGROUND
leather_051_178.png,0,0,0,0,0,0.0,0.0,CORRECT_BACKGROUND
leather_067_34.png,0,0,0,0,0,0.0,0.0,CORRECT_BACKGROUND
leather_077_195.png,0,0,0,0,0,0.0,0.0,CORRECT_BACKGROUND
leather_079_261.png,0,0,0,0,0,0.0,0.0,CORRECT_BACKGROUND
leather_093_47.png,0,0,0,0,0,0.0,0.0,CORRECT_BACKGROUND
leather_113_475.png,0,0,0,0,0,0.0,0.0,CORRECT_BACKGROUND
leather_144_484.png,0,0,0,0,0,0.0,0.0,CORRECT_BACKGROUND
leather_147_395.png,0,0,0,0,0,0.0,0.0,CORRECT_BACKGROUND
leather_165_60.png,0,0,0,0,0,0.0,0.0,CORRECT_BACKGROUND
leather_173_255.png,0,0,0,0,0,0.0,0.0,CORRECT_BACKGROUND
leather_187_384.png,0,0,0,0,0,0.0,0.0,CORRECT_BACKGROUND
leather_195_187.png,0,0,0,0,0,0.0,0.0,CORRECT_BACKGROUND
leather_200_213.png,0,0,0,0,0,0.0,0.0,CORRECT_BACKGROUND
leather_203_66.png,0,0,0,0,0,0.0,0.0,CORRECT_BACKGROUND
leather_208_52.png,0,0,0,0,0,0.0,0.0,CORRECT_BACKGROUND
leather_221_191.png,0,0,0,0,0,0.0,0.0,CORRECT_BACKGROUND
leather_232_48.png,0,0,0,0,0,0.0,0.0,CORRECT_BACKGROUND
leather_243_112.png,0,0,0,0,0,0.0,0.0,CORRECT_BACKGROUND
metal_nut_002_495.png,1,3,1,2,0,0.7315,0.4113,DETECTED
metal_nut_004_135.png,1,1,1,0,0,0.9323,0.7099,DETECTED
metal_nut_005_102.png,1,1,1,0,0,0.9065,0.7958,DETECTED
metal_nut_009_304.png,1,1,1,0,0,0.7909,0.7306,DETECTED
metal_nut_013_199.png,2,1,1,0,1,0.9717,0.8871,DETECTED
metal_nut_013_43.png,0,0,0,0,0,0.0,0.0,CORRECT_BACKGROUND
metal_nut_015_139.png,0,0,0,0,0,0.0,0.0,CORRECT_BACKGROUND
metal_nut_017_464.png,1,1,1,0,0,0.8699,0.6132,DETECTED
metal_nut_018_113.png,2,4,2,2,0,0.9306,0.8564,DETECTED
metal_nut_029_373.png,0,0,0,0,0,0.0,0.0,CORRECT_BACKGROUND
metal_nut_030_448.png,0,0,0,0,0,0.0,0.0,CORRECT_BACKGROUND
metal_nut_046_62.png,0,0,0,0,0,0.0,0.0,CORRECT_BACKGROUND
metal_nut_063_106.png,0,0,0,0,0,0.0,0.0,CORRECT_BACKGROUND
metal_nut_078_69.png,0,0,0,0,0,0.0,0.0,CORRECT_BACKGROUND
metal_nut_080_323.png,0,0,0,0,0,0.0,0.0,CORRECT_BACKGROUND
metal_nut_086_98.png,0,0,0,0,0,0.0,0.0,CORRECT_BACKGROUND
metal_nut_095_125.png,0,0,0,0,0,0.0,0.0,CORRECT_BACKGROUND
metal_nut_106_163.png,0,0,0,0,0,0.0,0.0,CORRECT_BACKGROUND
metal_nut_119_32.png,0,0,0,0,0,0.0,0.0,CORRECT_BACKGROUND
metal_nut_131_500.png,0,0,0,0,0,0.0,0.0,CORRECT_BACKGROUND
metal_nut_143_336.png,0,0,0,0,0,0.0,0.0,CORRECT_BACKGROUND
metal_nut_153_296.png,0,0,0,0,0,0.0,0.0,CORRECT_BACKGROUND
metal_nut_160_397.png,0,0,0,0,0,0.0,0.0,CORRECT_BACKGROUND
metal_nut_161_504.png,0,0,0,0,0,0.0,0.0,CORRECT_BACKGROUND
metal_nut_182_175.png,0,0,0,0,0,0.0,0.0,CORRECT_BACKGROUND
metal_nut_191_494.png,0,0,0,0,0,0.0,0.0,CORRECT_BACKGROUND
metal_nut_205_87.png,0,0,0,0,0,0.0,0.0,CORRECT_BACKGROUND
pill_001_124.png,1,1,1,0,0,0.8317,0.7215,DETECTED
pill_001_423.png,2,2,2,0,0,0.8614,0.7974,DETECTED
pill_001_481.png,0,0,0,0,0,0.0,0.0,CORRECT_BACKGROUND
pill_003_14.png,1,1,1,0,0,0.6837,0.2786,DETECTED
pill_004_100.png,1,1,1,0,0,0.8734,0.6505,DETECTED
pill_004_422.png,0,0,0,0,0,0.0,0.0,CORRECT_BACKGROUND
pill_005_302.png,1,1,1,0,0,0.8903,0.7832,DETECTED
pill_005_61.png,1,1,1,0,0,0.6596,0.7205,DETECTED
pill_006_128.png,1,1,1,0,0,0.9471,0.7999,DETECTED
pill_007_297.png,1,1,1,0,0,0.7703,0.8443,DETECTED
pill_009_51.png,1,1,1,0,0,0.9053,0.2637,DETECTED
pill_009_63.png,0,0,0,0,0,0.0,0.0,CORRECT_BACKGROUND
pill_011_107.png,2,3,2,1,0,0.8736,0.8423,DETECTED
pill_012_273.png,1,1,1,0,0,0.6824,0.6001,DETECTED
pill_012_369.png,0,0,0,0,0,0.0,0.0,CORRECT_BACKGROUND
pill_013_435.png,3,2,2,0,1,0.7879,0.4356,DETECTED
pill_014_215.png,7,2,2,0,5,0.8824,0.316,DETECTED
pill_015_269.png,1,1,1,0,0,0.9451,0.7476,DETECTED
pill_015_345.png,2,3,2,1,0,0.6345,0.807,DETECTED
pill_016_233.png,1,0,0,0,1,0.0,0.0,FALSE_NEGATIVE
pill_016_443.png,1,1,1,0,0,0.8846,0.8317,DETECTED
pill_017_309.png,1,1,1,0,0,0.9002,0.8158,DETECTED
pill_022_72.png,0,0,0,0,0,0.0,0.0,CORRECT_BACKGROUND
pill_026_141.png,0,0,0,0,0,0.0,0.0,CORRECT_BACKGROUND
pill_027_467.png,0,1,0,1,0,0.0,0.3141,FALSE_POSITIVE
pill_063_149.png,0,0,0,0,0,0.0,0.0,CORRECT_BACKGROUND
pill_066_196.png,0,0,0,0,0,0.0,0.0,CORRECT_BACKGROUND
pill_071_465.png,0,0,0,0,0,0.0,0.0,CORRECT_BACKGROUND
pill_098_344.png,0,0,0,0,0,0.0,0.0,CORRECT_BACKGROUND
pill_102_379.png,0,0,0,0,0,0.0,0.0,CORRECT_BACKGROUND
pill_139_487.png,0,0,0,0,0,0.0,0.0,CORRECT_BACKGROUND
pill_143_266.png,0,0,0,0,0,0.0,0.0,CORRECT_BACKGROUND
pill_144_55.png,0,0,0,0,0,0.0,0.0,CORRECT_BACKGROUND
pill_147_453.png,0,0,0,0,0,0.0,0.0,CORRECT_BACKGROUND
pill_151_497.png,0,0,0,0,0,0.0,0.0,CORRECT_BACKGROUND
pill_152_471.png,0,0,0,0,0,0.0,0.0,CORRECT_BACKGROUND
pill_165_407.png,0,0,0,0,0,0.0,0.0,CORRECT_BACKGROUND
pill_172_119.png,0,0,0,0,0,0.0,0.0,CORRECT_BACKGROUND
pill_184_16.png,0,0,0,0,0,0.0,0.0,CORRECT_BACKGROUND
pill_191_408.png,0,0,0,0,0,0.0,0.0,CORRECT_BACKGROUND
pill_194_82.png,0,0,0,0,0,0.0,0.0,CORRECT_BACKGROUND
pill_237_264.png,0,0,0,0,0,0.0,0.0,CORRECT_BACKGROUND
screw_000_19.png,0,0,0,0,0,0.0,0.0,CORRECT_BACKGROUND
screw_001_392.png,0,0,0,0,0,0.0,0.0,CORRECT_BACKGROUND
screw_001_5.png,1,1,1,0,0,0.8841,0.8142,DETECTED
screw_002_434.png,1,0,0,0,1,0.0,0.0,FALSE_NEGATIVE
screw_003_117.png,1,1,1,0,0,0.8208,0.7447,DETECTED
screw_005_405.png,1,1,1,0,0,0.7377,0.4469,DETECTED
screw_005_42.png,2,0,0,0,2,0.0,0.0,FALSE_NEGATIVE
screw_006_454.png,1,1,1,0,0,0.7466,0.5302,DETECTED
screw_007_490.png,1,0,0,0,1,0.0,0.0,FALSE_NEGATIVE
screw_009_285.png,1,1,1,0,0,0.7103,0.8929,DETECTED
screw_012_262.png,0,0,0,0,0,0.0,0.0,CORRECT_BACKGROUND
screw_014_114.png,1,0,0,0,1,0.0,0.0,FALSE_NEGATIVE
screw_015_20.png,0,0,0,0,0,0.0,0.0,CORRECT_BACKGROUND
screw_020_312.png,1,2,1,1,0,0.7724,0.6159,DETECTED
screw_021_301.png,1,1,1,0,0,0.8895,0.9582,DETECTED
screw_022_310.png,1,1,1,0,0,0.6604,0.6536,DETECTED
screw_024_0.png,0,0,0,0,0,0.0,0.0,CORRECT_BACKGROUND
screw_030_212.png,0,0,0,0,0,0.0,0.0,CORRECT_BACKGROUND
screw_039_208.png,0,0,0,0,0,0.0,0.0,CORRECT_BACKGROUND
screw_039_225.png,0,0,0,0,0,0.0,0.0,CORRECT_BACKGROUND
screw_041_512.png,0,0,0,0,0,0.0,0.0,CORRECT_BACKGROUND
screw_049_56.png,0,0,0,0,0,0.0,0.0,CORRECT_BACKGROUND
screw_061_525.png,0,0,0,0,0,0.0,0.0,CORRECT_BACKGROUND
screw_063_411.png,0,0,0,0,0,0.0,0.0,CORRECT_BACKGROUND
screw_067_505.png,0,0,0,0,0,0.0,0.0,CORRECT_BACKGROUND
screw_070_260.png,0,0,0,0,0,0.0,0.0,CORRECT_BACKGROUND
screw_071_350.png,0,0,0,0,0,0.0,0.0,CORRECT_BACKGROUND
screw_074_303.png,0,0,0,0,0,0.0,0.0,CORRECT_BACKGROUND
screw_087_9.png,0,0,0,0,0,0.0,0.0,CORRECT_BACKGROUND
screw_108_157.png,0,0,0,0,0,0.0,0.0,CORRECT_BACKGROUND
screw_114_425.png,0,0,0,0,0,0.0,0.0,CORRECT_BACKGROUND
screw_125_145.png,0,0,0,0,0,0.0,0.0,CORRECT_BACKGROUND
screw_126_45.png,0,0,0,0,0,0.0,0.0,CORRECT_BACKGROUND
screw_136_305.png,0,0,0,0,0,0.0,0.0,CORRECT_BACKGROUND
screw_138_71.png,0,0,0,0,0,0.0,0.0,CORRECT_BACKGROUND
screw_164_88.png,0,0,0,0,0,0.0,0.0,CORRECT_BACKGROUND
screw_166_394.png,0,0,0,0,0,0.0,0.0,CORRECT_BACKGROUND
screw_177_77.png,0,0,0,0,0,0.0,0.0,CORRECT_BACKGROUND
screw_179_85.png,0,0,0,0,0,0.0,0.0,CORRECT_BACKGROUND
screw_193_343.png,0,0,0,0,0,0.0,0.0,CORRECT_BACKGROUND
screw_194_193.png,0,0,0,0,0,0.0,0.0,CORRECT_BACKGROUND
screw_224_159.png,0,0,0,0,0,0.0,0.0,CORRECT_BACKGROUND
screw_227_40.png,0,0,0,0,0,0.0,0.0,CORRECT_BACKGROUND
screw_235_282.png,0,0,0,0,0,0.0,0.0,CORRECT_BACKGROUND
screw_280_290.png,0,0,0,0,0,0.0,0.0,CORRECT_BACKGROUND
screw_284_510.png,0,0,0,0,0,0.0,0.0,CORRECT_BACKGROUND
screw_303_341.png,0,0,0,0,0,0.0,0.0,CORRECT_BACKGROUND
screw_319_469.png,0,0,0,0,0,0.0,0.0,CORRECT_BACKGROUND
tile_000_101.png,1,1,1,0,0,0.8862,0.8462,DETECTED
tile_000_172.png,0,0,0,0,0,0.0,0.0,CORRECT_BACKGROUND
tile_000_84.png,1,1,1,0,0,0.6754,0.8725,DETECTED
tile_001_37.png,0,0,0,0,0,0.0,0.0,CORRECT_BACKGROUND
tile_001_419.png,1,1,1,0,0,0.76,0.826,DETECTED
tile_004_202.png,0,0,0,0,0,0.0,0.0,CORRECT_BACKGROUND
tile_004_321.png,1,1,1,0,0,0.9614,0.8489,DETECTED
tile_014_244.png,1,2,0,2,1,0.4974,0.6528,FALSE_NEGATIVE
tile_014_38.png,1,1,1,0,0,0.943,0.8539,DETECTED
tile_014_65.png,0,0,0,0,0,0.0,0.0,CORRECT_BACKGROUND
tile_017_22.png,0,0,0,0,0,0.0,0.0,CORRECT_BACKGROUND
tile_017_519.png,1,1,1,0,0,0.9649,0.8885,DETECTED
tile_018_356.png,0,0,0,0,0,0.0,0.0,CORRECT_BACKGROUND
tile_018_387.png,0,0,0,0,0,0.0,0.0,CORRECT_BACKGROUND
tile_020_240.png,0,0,0,0,0,0.0,0.0,CORRECT_BACKGROUND
tile_030_245.png,0,0,0,0,0,0.0,0.0,CORRECT_BACKGROUND
tile_068_271.png,0,0,0,0,0,0.0,0.0,CORRECT_BACKGROUND
tile_101_318.png,0,0,0,0,0,0.0,0.0,CORRECT_BACKGROUND
tile_103_272.png,0,0,0,0,0,0.0,0.0,CORRECT_BACKGROUND
tile_106_361.png,0,0,0,0,0,0.0,0.0,CORRECT_BACKGROUND
tile_111_258.png,0,0,0,0,0,0.0,0.0,CORRECT_BACKGROUND
tile_127_372.png,0,0,0,0,0,0.0,0.0,CORRECT_BACKGROUND
tile_167_418.png,0,0,0,0,0,0.0,0.0,CORRECT_BACKGROUND
tile_174_15.png,0,0,0,0,0,0.0,0.0,CORRECT_BACKGROUND
tile_214_436.png,0,0,0,0,0,0.0,0.0,CORRECT_BACKGROUND
tile_225_389.png,0,0,0,0,0,0.0,0.0,CORRECT_BACKGROUND
toothbrush_000_222.png,2,2,1,1,1,0.5838,0.5927,DETECTED
toothbrush_000_33.png,0,0,0,0,0,0.0,0.0,CORRECT_BACKGROUND
toothbrush_010_352.png,0,0,0,0,0,0.0,0.0,CORRECT_BACKGROUND
toothbrush_017_342.png,0,0,0,0,0,0.0,0.0,CORRECT_BACKGROUND
toothbrush_021_6.png,0,0,0,0,0,0.0,0.0,CORRECT_BACKGROUND
toothbrush_037_75.png,0,0,0,0,0,0.0,0.0,CORRECT_BACKGROUND
transistor_000_333.png,1,1,1,0,0,0.8247,0.2624,DETECTED
transistor_003_223.png,1,3,1,2,0,0.5254,0.5501,DETECTED
transistor_004_59.png,1,1,1,0,0,0.8232,0.5315,DETECTED
transistor_005_259.png,1,1,1,0,0,0.9772,0.867,DETECTED
transistor_005_450.png,1,2,1,1,0,0.8911,0.5667,DETECTED
transistor_006_188.png,1,1,1,0,0,0.9705,0.8065,DETECTED
transistor_009_190.png,0,0,0,0,0,0.0,0.0,CORRECT_BACKGROUND
transistor_009_3.png,1,1,1,0,0,0.9116,0.6855,DETECTED
transistor_010_404.png,0,0,0,0,0,0.0,0.0,CORRECT_BACKGROUND
transistor_019_134.png,0,0,0,0,0,0.0,0.0,CORRECT_BACKGROUND
transistor_020_376.png,0,0,0,0,0,0.0,0.0,CORRECT_BACKGROUND
transistor_026_243.png,0,0,0,0,0,0.0,0.0,CORRECT_BACKGROUND
transistor_027_156.png,0,0,0,0,0,0.0,0.0,CORRECT_BACKGROUND
transistor_030_516.png,0,0,0,0,0,0.0,0.0,CORRECT_BACKGROUND
transistor_031_429.png,0,0,0,0,0,0.0,0.0,CORRECT_BACKGROUND
transistor_039_359.png,0,0,0,0,0,0.0,0.0,CORRECT_BACKGROUND
transistor_045_207.png,0,0,0,0,0,0.0,0.0,CORRECT_BACKGROUND
transistor_051_457.png,0,0,0,0,0,0.0,0.0,CORRECT_BACKGROUND
transistor_068_489.png,0,0,0,0,0,0.0,0.0,CORRECT_BACKGROUND
transistor_069_291.png,0,0,0,0,0,0.0,0.0,CORRECT_BACKGROUND
transistor_074_399.png,0,0,0,0,0,0.0,0.0,CORRECT_BACKGROUND
transistor_080_204.png,0,0,0,0,0,0.0,0.0,CORRECT_BACKGROUND
transistor_086_74.png,0,0,0,0,0,0.0,0.0,CORRECT_BACKGROUND
transistor_091_428.png,0,0,0,0,0,0.0,0.0,CORRECT_BACKGROUND
transistor_093_348.png,0,0,0,0,0,0.0,0.0,CORRECT_BACKGROUND
transistor_094_377.png,0,0,0,0,0,0.0,0.0,CORRECT_BACKGROUND
transistor_104_278.png,0,0,0,0,0,0.0,0.0,CORRECT_BACKGROUND
transistor_117_251.png,0,0,0,0,0,0.0,0.0,CORRECT_BACKGROUND
transistor_126_192.png,0,0,0,0,0,0.0,0.0,CORRECT_BACKGROUND
transistor_140_513.png,0,0,0,0,0,0.0,0.0,CORRECT_BACKGROUND
transistor_143_528.png,0,0,0,0,0,0.0,0.0,CORRECT_BACKGROUND
transistor_145_151.png,0,0,0,0,0,0.0,0.0,CORRECT_BACKGROUND
transistor_164_50.png,0,0,0,0,0,0.0,0.0,CORRECT_BACKGROUND
transistor_179_355.png,0,0,0,0,0,0.0,0.0,CORRECT_BACKGROUND
transistor_184_281.png,0,0,0,0,0,0.0,0.0,CORRECT_BACKGROUND
transistor_195_158.png,0,0,0,0,0,0.0,0.0,CORRECT_BACKGROUND
transistor_198_485.png,0,0,0,0,0,0.0,0.0,CORRECT_BACKGROUND
transistor_202_147.png,0,0,0,0,0,0.0,0.0,CORRECT_BACKGROUND
transistor_208_402.png,0,0,0,0,0,0.0,0.0,CORRECT_BACKGROUND
wood_001_410.png,2,2,2,0,0,0.8942,0.8243,DETECTED
wood_003_374.png,0,0,0,0,0,0.0,0.0,CORRECT_BACKGROUND
wood_003_493.png,2,2,2,0,0,0.9465,0.8946,DETECTED
wood_003_89.png,5,5,5,0,0,0.9185,0.8329,DETECTED
wood_009_439.png,0,0,0,0,0,0.0,0.0,CORRECT_BACKGROUND
wood_009_518.png,3,3,3,0,0,0.9061,0.8476,DETECTED
wood_010_364.png,0,0,0,0,0,0.0,0.0,CORRECT_BACKGROUND
wood_012_177.png,2,2,2,0,0,0.8452,0.8308,DETECTED
wood_025_53.png,0,0,0,0,0,0.0,0.0,CORRECT_BACKGROUND
wood_029_231.png,0,0,0,0,0,0.0,0.0,CORRECT_BACKGROUND
wood_040_314.png,0,0,0,0,0,0.0,0.0,CORRECT_BACKGROUND
wood_078_18.png,0,0,0,0,0,0.0,0.0,CORRECT_BACKGROUND
wood_083_313.png,0,0,0,0,0,0.0,0.0,CORRECT_BACKGROUND
wood_086_81.png,0,1,0,1,0,0.0,0.2532,FALSE_POSITIVE
wood_092_480.png,0,0,0,0,0,0.0,0.0,CORRECT_BACKGROUND
wood_105_229.png,0,0,0,0,0,0.0,0.0,CORRECT_BACKGROUND
wood_107_252.png,0,0,0,0,0,0.0,0.0,CORRECT_BACKGROUND
wood_114_44.png,0,0,0,0,0,0.0,0.0,CORRECT_BACKGROUND
wood_119_93.png,0,0,0,0,0,0.0,0.0,CORRECT_BACKGROUND
wood_134_148.png,0,0,0,0,0,0.0,0.0,CORRECT_BACKGROUND
wood_143_424.png,0,0,0,0,0,0.0,0.0,CORRECT_BACKGROUND
wood_144_224.png,0,0,0,0,0,0.0,0.0,CORRECT_BACKGROUND
wood_148_246.png,0,0,0,0,0,0.0,0.0,CORRECT_BACKGROUND
wood_151_426.png,0,0,0,0,0,0.0,0.0,CORRECT_BACKGROUND
wood_182_334.png,0,0,0,0,0,0.0,0.0,CORRECT_BACKGROUND
wood_183_331.png,0,0,0,0,0,0.0,0.0,CORRECT_BACKGROUND
wood_190_509.png,0,0,0,0,0,0.0,0.0,CORRECT_BACKGROUND
wood_200_526.png,0,0,0,0,0,0.0,0.0,CORRECT_BACKGROUND
wood_233_228.png,0,0,0,0,0,0.0,0.0,CORRECT_BACKGROUND
wood_237_236.png,0,0,0,0,0,0.0,0.0,CORRECT_BACKGROUND
wood_244_406.png,0,0,0,0,0,0.0,0.0,CORRECT_BACKGROUND
zipper_000_363.png,1,1,1,0,0,0.8609,0.8406,DETECTED
zipper_000_536.png,2,3,2,1,0,0.8629,0.7464,DETECTED
zipper_001_383.png,2,2,2,0,0,0.8296,0.7036,DETECTED
zipper_002_23.png,0,0,0,0,0,0.0,0.0,CORRECT_BACKGROUND
zipper_003_514.png,1,1,1,0,0,0.8888,0.8027,DETECTED
zipper_003_99.png,2,2,2,0,0,0.8983,0.852,DETECTED
zipper_004_288.png,1,1,1,0,0,0.682,0.655,DETECTED
zipper_004_451.png,2,3,2,1,0,0.8096,0.7708,DETECTED
zipper_004_468.png,1,1,1,0,0,0.7116,0.8539,DETECTED
zipper_006_184.png,2,2,2,0,0,0.8412,0.8595,DETECTED
zipper_006_351.png,0,0,0,0,0,0.0,0.0,CORRECT_BACKGROUND
zipper_009_380.png,2,2,2,0,0,0.755,0.8562,DETECTED
zipper_009_431.png,1,1,1,0,0,0.8838,0.7137,DETECTED
zipper_012_122.png,1,1,1,0,0,0.6838,0.8281,DETECTED
zipper_013_41.png,0,0,0,0,0,0.0,0.0,CORRECT_BACKGROUND
zipper_016_180.png,1,1,1,0,0,0.8068,0.8679,DETECTED
zipper_016_181.png,1,1,1,0,0,0.5478,0.7783,DETECTED
zipper_025_382.png,0,0,0,0,0,0.0,0.0,CORRECT_BACKGROUND
zipper_027_460.png,0,0,0,0,0,0.0,0.0,CORRECT_BACKGROUND
zipper_028_86.png,0,0,0,0,0,0.0,0.0,CORRECT_BACKGROUND
zipper_103_482.png,0,0,0,0,0,0.0,0.0,CORRECT_BACKGROUND
zipper_117_201.png,0,0,0,0,0,0.0,0.0,CORRECT_BACKGROUND
zipper_127_133.png,0,0,0,0,0,0.0,0.0,CORRECT_BACKGROUND
zipper_157_167.png,0,0,0,0,0,0.0,0.0,CORRECT_BACKGROUND
zipper_159_385.png,0,0,0,0,0,0.0,0.0,CORRECT_BACKGROUND
zipper_173_286.png,0,0,0,0,0,0.0,0.0,CORRECT_BACKGROUND
zipper_177_413.png,0,0,0,0,0,0.0,0.0,CORRECT_BACKGROUND
zipper_186_483.png,0,0,0,0,0,0.0,0.0,CORRECT_BACKGROUND
zipper_192_28.png,0,0,0,0,0,0.0,0.0,CORRECT_BACKGROUND
zipper_202_316.png,0,0,0,0,0,0.0,0.0,CORRECT_BACKGROUND
zipper_224_154.png,0,0,0,0,0,0.0,0.0,CORRECT_BACKGROUND
zipper_226_171.png,0,0,0,0,0,0.0,0.0,CORRECT_BACKGROUND
zipper_232_160.png,0,0,0,0,0,0.0,0.0,CORRECT_BACKGROUND
zipper_238_459.png,0,0,0,0,0,0.0,0.0,CORRECT_BACKGROUND
