threshold,precision,recall,f1,TP,FP,FN
0.1,0.6696696696696697,0.7689655172413793,0.7158908507223113,223,110,67
0.15,0.7218543046357616,0.7517241379310344,0.7364864864864866,218,84,72
0.2,0.76,0.7206896551724138,0.7398230088495575,209,66,81
0.25,0.7816091954022989,0.7034482758620689,0.7404718693284937,204,57,86
0.3,0.8008130081300813,0.6793103448275862,0.7350746268656717,197,49,93
0.35,0.8354978354978355,0.6655172413793103,0.7408829174664109,193,38,97
0.4,0.8571428571428571,0.6413793103448275,0.7337278106508877,186,31,104
0.45,0.8695652173913043,0.6206896551724138,0.7243460764587525,180,27,110
0.5,0.8793969849246231,0.603448275862069,0.7157464212678937,175,24,115
